Cs,FA,MA,Pb,Br,I,Active area of cell (cm²),Bandgap (eV),PCE (%),PDTA Temp. (°C),PDTA Time (min),Average Temperature(°C),Average RH (%),PCE Retaining (%),Stability Time Exposure (Hours),Ref_DOI_number
0,0,1,1,0,1,0.04,1.6,13.3,100,10,25,34,61,480,10.1016/j.electacta.2017.12.108
0,0,1,1,0,1,0.04,1.6,17.2,100,10,25,34,78,480,10.1016/j.electacta.2017.12.108
0,0,1,1,0,1,0.096,1.6,12,80,10,25,40,80,300,10.1039/c6ta09202k
0,0,1,1,0,1,0.096,1.6,13.2,80,10,25,40,93,1000,10.1039/c6ta09202k
0,0,1,1,0,1,0.17,1.6,15.85,130,90,30,45,60,1200,10.1016/j.nanoen.2019.103964
0,0,1,1,0,1,0.17,1.6,17.14,130,90,30,45,80,6000,10.1016/j.nanoen.2019.103964
0,0,1,1,0,1,0.17,1.6,18.56,130,90,30,45,90,6000,10.1016/j.nanoen.2019.103964
0.05,0.81,0.14,1,0.15,0.85,0.1,1.59,20.3,100,60,25,30,75,720,10.1002/adfm.201807604
0,0,1,1,0,1,0.08,1.6,13.83,125,20,25,30,60,360,10.1039/c9ra06091j
0,0,1,1,0,1,0.1,1.6,15.32,60,5,25,45,80,720,10.1016/j.jpowsour.2019.227157
0,0,1,1,0,1,0.16,1.6,18.2,100,60,65,30,95,720,10.1039/c7ta00894e
0,0,1,1,0,1,0.16,1.6,18.2,100,60,25,55,90,720,10.1039/c7ta00894e
0,0,1,1,0,1,0.16,1.6,15.7,100,60,65,30,52,720,10.1039/c7ta00894e
0,0,1,1,0,1,0.2,1.6,10.5,90,50,25,40,90.3,1008,10.1016/j.orgel.2019.03.022
0,0,1,1,0,1,0.09,1.6,17,100,15,25,40,80,336,10.1002/aenm.201701757
0,0,1,1,0,1,0.09,1.6,18.27,100,15,25,40,90,336,10.1002/aenm.201701757
0,0,1,1,0,1,0.1,1.6,12.81,100,5,25,55,85,1200,10.1016/j.jpowsour.2019.03.092
0,0,1,1,0,1,0.1,1.6,13.62,100,30,25,55,85,1200,10.1016/j.jpowsour.2019.03.092
0,0,1,1,0,1,0.1,1.6,11.5,100,5,25,40,52,4000,10.1002/aenm.201700210
0,0,1,1,0,1,0.14,1.6,11.28,100,10,25,40,95,700,10.1016/j.apsusc.2018.08.078
0,0,1,1,0,1,0.14,1.6,10.14,100,10,25,40,95,700,10.1016/j.apsusc.2018.08.078
0,1,0,1,0,1,0.04,1.48,17.8,100,30,25,40,92,336,10.1039/c8ta07904h
0,1,0,1,0,1,0.04,1.48,17.7,100,30,25,40,65,336,10.1039/c8ta07904h
0,1,0,1,0,1,0.04,1.48,18.7,100,30,25,40,90,336,10.1039/c8ta07904h
0,1,0,1,0,1,0.04,1.48,17.1,100,30,25,40,74,336,10.1039/c8ta07904h
0,0,1,1,0,1,0.06,1.6,15.41,100,10,25,42,72,600,10.1002/ente.201900027
0,0,1,1,0,1,0.06,1.6,17.15,100,10,25,42,91,600,10.1002/ente.201900027
0,0,1,1,0,1,0.06,1.6,14.36,100,10,25,42,72,600,10.1002/ente.201900027
0,0,1,1,0,1,0.06,1.6,16.49,100,10,25,42,91,600,10.1002/ente.201900027
0,0,1,1,0,1,0.09,1.51,11.03,70,30,25,40,85,500,10.1039/c4ee01589d
0,0,1,1,0,1,0.1,1.6,13.3,70,30,25,30,54,360,10.1021/acsaem.8b00160
0,0,1,1,0,1,0.1,1.6,17.7,70,30,25,30,75,360,10.1021/acsaem.8b00160
0,0,1,1,0,1,0.152,1.6,10.3,100,5,25,30,100,720,10.1002/adfm.201504564
0,0,1,1,0,1,0.108,1.5,17.35,135,20,25,50,70,500,10.1021/jacs.5b10614
0,0.85,0.15,1,0.15,0.85,0.09,1.6,17.66,100,60,25,35,90,600,10.1039/c9ta01452g
0,0.85,0.15,1,0.15,0.85,0.09,1.6,18.51,100,60,25,35,84,600,10.1039/c9ta01452g
0,0.85,0.15,1,0.15,0.85,0.09,1.6,20.23,100,60,25,35,81,600,10.1039/c9ta01452g
0,0,1,1,0,1,0.1,1.5,15.06,60,60,25,30,74,216,10.1002/cssc.201601683
0,0,1,1,0,1,0.1,1.6,15.6,100,5,25,50,90,400,10.1039/c5cc05879a
0,0.9,0.1,1,0.033,0.967,0.1,1.52,20.7,100,10,25,40,80,1500,10.1021/jacs.8b10520
0,0,1,1,0,1,0.1,1.6,16.21,100,10,25,35,60,1000,10.1002/adfm.201901026
0,0,1,1,0,1,0.1,1.6,19.24,100,10,25,35,80,1000,10.1002/adfm.201901026
0,0,1,1,0,1,0.1,1.6,15.92,100,10,25,35,60,1000,10.1002/adfm.201901026
0,0,1,1,0,1,0.05,1.6,19.88,60,2,25,35,93,1100,10.1016/j.chempr.2019.02.025
0,0,1,1,0,1,0.05,1.6,19.88,100,3,25,35,85,800,10.1016/j.chempr.2019.02.025
0,0,1,1,0,1,0.1,1.6,18,100,15,25,40,57,840,10.1039/c7se00435d
0,0,1,1,0,1,0.1,1.6,17.01,100,15,25,40,60,840,10.1039/c7se00435d
0,0,1,1,0,1,0.1,1.6,15.6,70,15,25,40,91,840,10.1039/c7se00435d
0,0,1,1,0,1,0.1,1.6,20.03,100,10,25,40,70,3600,10.1002/adfm.201900417
0,0,1,1,0,1,0.1,1.6,18.72,100,10,25,40,80,3600,10.1002/adfm.201900417
0,0,1,1,0,1,0.1,1.6,17.33,100,10,25,40,82,3600,10.1002/adfm.201900417
0,0,1,1,0,1,0.09,1.6,17.82,100,10,25,30,95,1440,10.1016/j.orgel.2019.06.039
0,0,1,1,0,1,0.16,1.6,12.97,110,30,25,40,84.81,1440,10.1016/j.vacuum.2019.05.025
0,0,1,1,0,1,0.16,1.6,15.56,110,30,25,40,97,1440,10.1016/j.vacuum.2019.05.025
0.05,0.83,0.12,1,0.13,0.87,0.11,1.6,16.55,100,50,25,75,88,800,10.1021/acsami.9b09490
0,0,1,1,0,1,0.09,1.6,14.57,60,5,25,35,80,1400,10.1016/j.electacta.2019.134924
0,0,1,1,0,1,0.09,1.6,16.5,100,10,25,35,91,1400,10.1016/j.electacta.2019.134924
0,0.85,0.15,1,0.15,0.85,0.126,1.6,17.56,100,60,25,45,55,720,10.1002/solr.201700073
0,0.85,0.15,1,0.15,0.85,0.126,1.6,18.83,100,60,25,45,79,720,10.1002/solr.201700073
0,0,1,1,0,1,0.1,1.6,18.21,120,5,25,65,70,350,10.1016/j.inoche.2019.107701
0,0,1,1,0,1,0.1,1.6,19.26,100,15,25,45,80,720,10.1016/j.inoche.2019.107701
0,0,1,1,0,1,0.15,1.6,20.13,100,10,40,70,90.7,1000,10.1039/c9ta12597c
0,0,1,1,0,1,0.15,1.6,19.41,100,10,40,70,82.3,1000,10.1039/c9ta12597c
0.05,0.79,0.16,1,0.167,0.833,0.115,1.555,16.86,100,45,25,66.2,88.9,1000,10.1021/acsami.9b19908
0.05,0.79,0.16,1,0.167,0.833,0.115,1.558,16.17,100,45,25,66.2,73.4,1000,10.1021/acsami.9b19908
0,0,1,1,0,1,0.0725,1.6,18.94,100,10,25,45,70,550,10.1002/admi.201901964
0,0,1,1,0,1,0.0725,1.6,20.14,100,10,25,45,75,550,10.1002/admi.201901964
0,0,1,1,0,1,0.1,1.6,12,100,10,25,30,100,500,10.1016/j.nanoen.2015.10.006
0,0.9,0.1,1,0.033,0.967,0.125,1.56,17.66,150,20,25,45,95,500,10.1016/j.mssp.2019.104671
0,0,1,1,0,1,0.1,1.6,16.81,100,2,25,45,87,240,10.1002/aelm.201700139
0,0,1,1,0,1,0.1,1.6,13.27,100,2,25,45,77,240,10.1002/aelm.201700139
0,0,1,1,0,1,0.1,1.6,16.42,100,2,25,45,87,240,10.1002/aelm.201700139
0,0.85,0.15,1,0.15,0.85,0.09,1.6,14.6,100,60,25,30,60,504,10.1002/aenm.201800715
0,0.85,0.15,1,0.15,0.85,0.09,1.6,18.7,100,60,25,30,85,504,10.1002/aenm.201800715
0,0,1,1,0,1,0.1,1.6,16.52,100,30,25,30,86,2160,10.1016/j.electacta.2018.10.087
0,0,1,1,0,1,0.09,1.6,17.21,100,25,25,30,71,480,10.1016/j.jpowsour.2019.04.024
0,0,1,1,0,1,0.32,1.6,11.92,100,60,25,55,73,1008,10.1016/j.orgel.2018.04.042
0,0,1,1,0,1,0.06,1.6,16.81,120,15,25,35,90,350,10.1021/acsami.9b03304
0,0,1,1,0,1,0.06,1.6,15.51,100,25,25,35,70,350,10.1021/acsami.9b03304
0,0,1,1,0,1,0.25,1.6,15.24,95,60,45,45,100,350,10.1021/acsomega.8b01412
0,0,1,1,0,1,0.25,1.6,17.25,95,60,45,45,100,350,10.1021/acsomega.8b01412
0,0,1,1,0,1,1,1.6,13.12,100,2,40,30,87,720,10.1039/c6ta03164a
0,0,1,1,0,1,2.34,1.6,14.96,80,20,26,70,72.6,700,10.1039/c8nr06095a
0,0,1,1,0,1,0.112,1.5,18,100,10,25,50,80,720,10.1002/cssc.201600933
0,0,1,1,0,1,0.09,1.6,17.1,100,90,30,55,85,1200,10.1016/j.nanoen.2016.05.023
0,0,1,1,0,1,0.09,1.6,11.52,70,30,25,35,70,240,10.1039/c7ta00894e
0,0,1,1,0,1,1,1.6,15.9,100,2,25,50,95,480,10.1039/c7ta00894e
0.05,0.79,0.16,1,0.17,0.83,0.09,1.59,17.4,100,45,25,60,80,720,10.1016/j.jpowsour.2017.12.082
0.05,0.79,0.16,1,0.17,0.83,0.09,1.59,19,100,45,25,60,95,720,10.1016/j.jpowsour.2017.12.082
0,0,1,1,0,1,0.2,1.58,12.72,70,15,25,45,90,240,10.1021/jacs.7b04949
0,0,1,1,0,1,0.2,1.55,11.32,70,15,25,45,75,240,10.1021/jacs.7b04949
0,1,0,1,0,1,0.1,1.45,17.66,150.12,10.4,25,30,75,2880,10.1002/cssc.201600674
0,0,1,1,0,1,0.1,1.6,15.3,90,15,25,30,80,720,10.1246/cl.140919
0.05,0.79,0.16,1,0.17,0.83,0.09,1.607,15.43,100,60,25,55,69,720,10.1021/acsami.9b08026
0,0,1,1,0,1,0.1,1.6,15.5,90,15,26,42,83,720,10.1039/c5ta07507f
0,0,1,1,0,1,0.1,1.6,13.6,65,45,26,42,96,720,10.1039/c5ta07507f
0,0,1,1,0,1,0.04,1.6,14,65,1,25,70,60,400,10.1016/j.electacta.2017.11.182
0,0,1,1,0,1,0.045,1.6,16.23,80,20,25,70,85,720,10.1016/j.electacta.2017.12.076
0,0,1,1,0,1,0.09,1.6,15.76,130,60,25,55,57,720,10.1002/smtd.201800361
0,0,1,1,0,1,0.09,1.6,18.31,130,60,25,55,82,720,10.1002/smtd.201800361
0,0,1,1,0,1,0.09,1.6,17.57,130,60,25,55,93,720,10.1002/smtd.201800361
0,0,1,1,0,1,0.09,1.6,15.2,130,60,25,55,96,720,10.1002/smtd.201800361
0,0,1,1,0,1,0.17,1.6,10.06,100,30,30,50,93.22,6480,10.1016/j.nanoen.2018.04.036
0,0.93,0.03,1,0.03,0.97,0.0737,1.55,19.9,135,30,28,37,98,960,10.1038/NENERGY.2016.177
0,0,1,1,0,1,0.09,1.6,16.96,100,10,25,50,64.6,960,10.1002/adma.201706576
0,0,1,1,0,1,0.09,1.6,18.2,100,10,25,50,75.8,960,10.1002/adma.201706576
0,0,1,1,0,1,0.09,1.6,19,100,10,25,50,85.2,960,10.1002/adma.201706576
0,0,1,1,0,1,0.09,1.6,14.47,100,10,25,50,82,960,10.1002/adma.201706576
0,0,1,1,0,1,0.09,1.6,16.7,100,10,25,50,87,960,10.1002/adma.201706576
0,0,1,1,0,1,0.09,1.6,15.37,70,20,26,55,100,408,10.1016/j.jpcs.2017.03.020
0,0,1,1,0,1,0.108,1.6,12.5,50,120,25,60,100,840,10.1039/c8se00332g
0,0,1,1,0,1,0.108,1.6,14.42,50,120,25,60,100,840,10.1039/c8se00332g
0,0,1,1,0,1,0.108,1.6,13.5,50,120,25,60,100,840,10.1039/c8se00332g
0,0,1,1,0,1,0.09,1.6,14.29,100,20,25,35,94,700,10.1016/j.electacta.2017.11.183
0,0,1,1,0,1,0.09,1.6,14.29,100,20,60,35,74,700,10.1016/j.electacta.2017.11.183
0,0,1,1,0,1,0.09,1.6,11.15,100,20,25,35,81,700,10.1016/j.electacta.2017.11.183
0,0,1,1,0,1,0.09,1.6,11.15,100,20,25,35,82,700,10.1016/j.electacta.2017.11.183
0,0,1,1,0,1,0.09,1.6,11.96,100,20,25,35,82,700,10.1016/j.electacta.2017.11.183
0,0,1,1,0,1,0.09,1.6,13.33,100,20,25,35,84,700,10.1016/j.electacta.2017.11.183
0.05,0.38,0.57,1,0.066,0.934,0.129,1.57,17.02,70,30,85,50,91,1000,10.1016/j.nanoen.2015.08.009
0,0,1,1,0,1,0.16,1.6,15.03,70,30,25,40,93,1000,10.1016/j.nanoen.2015.08.009
0,0,1,1,0,1,0.1,1.6,14.3,100,3,27,40,56,360,10.1021/acssuschemeng.8b03826
0,0,1,1,0,1,0.1,1.6,18.09,100,3,27,40,62,360,10.1021/acssuschemeng.8b03826
0,0,1,1,0,1,0.1,1.6,18,100,10,25,40,94.2,384,10.1364/OME.7.002150
0,0,1,1,0,1,0.1,1.6,14.9,100,10,25,40,71.4,384,10.1364/OME.7.002150
0,0,1,1,0,1,0.1,1.6,14.5,100,10,25,40,66.6,384,10.1364/OME.7.002150
0,0,1,1,0,1,0.16,1.6,18.79,100,10,25,60,94,4500,10.1039/c8se00450a
0,0,1,1,0,1,0.16,1.6,12.41,100,10,25,60,68,4500,10.1039/c8se00450a
0,0,1,1,0,1,0.0707,1.6,20.9,100,10,25,40,81,792,10.1016/j.nanoen.2017.12.002
0,0,1,1,0,1,0.12,1.6,15.1,80,30,25,60,80,480,10.1016/j.jpowsour.2017.07.112
0,0,1,1,0,1,0.12,1.6,12.18,100,20,25,60,60,480,10.1016/j.jpowsour.2017.07.112
0,0,1,1,0,1,0.1,1.6,12.97,100,45,25,45,93,720,10.1021/acsaem.8b01405
0,0,1,1,0,1,0.09,1.6,17.56,100,60,25,65,74.6,1200,10.1039/c8ta00769a
0,0,1,1,0,1,0.09,1.6,18.91,100,60,25,65,91.2,1200,10.1039/c8ta00769a
0,0,1,1,0,1,0.09,1.6,16.85,100,10,25,30,85,540,10.1021/acsaem.8b00060
0,0,1,1,0,1,0.09,1.6,18.69,100,10,25,30,95,540,10.1021/acsaem.8b00060
0,0,1,1,0,1,0.0725,1.6,18.7,100,10,25,30,80,1000,10.1021/acsami.8b15870
0,0,1,1,0,1,0.0725,1.6,19.7,100,10,25,30,90,1000,10.1021/acsami.8b15870
0,0,1,1,0,1,0.0725,1.6,20.2,100,10,25,30,95,1000,10.1021/acsami.8b15870
0,0,1,1,0,1,0.09,1.6,14.4,100,10,25,30,75,1200,10.1021/acsami.6b15434
0,0,1,1,0,1,0.09,1.6,15,100,10,25,30,80,1200,10.1021/acsami.6b15434
0,0,1,1,0,1,0.09,1.6,16.3,100,10,25,30,92,1200,10.1021/acsami.6b15434
0,0,1,1,0,1,0.09,1.6,13.7,100,10,25,30,91,1200,10.1021/acsami.6b15434
0,0,1,1,0,1,0.09,1.6,10.7,100,10,25,30,75,1200,10.1021/acsami.6b15434
0,0,1,1,0,1,0.09,1.6,17.01,100,10,25,40,65,300,10.1039/c7se00435d
0,0,1,1,0,1,0.09,1.6,18.11,100,10,25,40,91,300,10.1021/acsami.8b15665
0,0,1,1,0,1,0.09,1.6,12.1,100,90,25,30,82,912,10.1016/j.jmst.2018.03.005
0,0,1,1,0,1,0.045,1.59,16.5,100,5,25,30,93,264,10.1039/c8ee01136b
0,0,1,1,0,1,0.045,1.59,16.2,100,5,25,30,99,264,10.1039/c8ee01136b
0,0,1,1,0,1,0.045,1.59,16.3,100,5,25,30,97,264,10.1039/c8ee01136b
0,0,1,1,0,1,0.045,1.59,16.6,100,5,25,30,97,264,10.1039/c8ee01136b
0,0,1,1,0,1,0.045,1.59,18.2,100,5,25,30,82,264,10.1039/c8ee01136b
0,0,1,1,0,1,0.17,1.48,14.14,130,60,20,45,60,1920,10.1016/j.nanoen.2017.08.047
0,0,1,1,0,1,0.17,1.52,16.53,130,60,20,45,70,3600,10.1016/j.nanoen.2017.08.047
0,0,1,1,0,1,0.17,1.52,17.63,130,60,20,45,85,5040,10.1016/j.nanoen.2017.08.047
0,0,1,1,0,1,0.1,1.59,14.21,100,5,25,70,70,240,10.1088/1361-6463/aad7de
0,0,1,1,0,1,0.0514,1.6,10.51,50,140,25,40,83,2400,10.1016/j.orgel.2018.06.054
0,0,1,1,0,1,0.0514,1.6,12.59,50,140,25,40,92.1,2400,10.1016/j.orgel.2018.06.054
0,0,1,1,0,1,0.0514,1.6,12.74,50,140,25,40,88.5,2400,10.1016/j.orgel.2018.06.054
0,0,1,1,0,1,0.0514,1.6,12.07,50,140,25,40,88.5,2400,10.1016/j.orgel.2018.06.054
0,0,1,1,0,1,0.0514,1.6,11.92,50,140,25,40,91,2400,10.1016/j.orgel.2018.06.054
0,0,1,1,0,1,1,1.6,10.3,100,20,25,40,95,1440,10.1021/acsami.8b15399
0,0,1,1,0,1,1,1.6,13,100,20,25,40,97,1440,10.1021/acsami.8b15399
0,0,1,1,0,1,0.1,1.6,18.6,100,30,25,43,70.966,720,10.1002/solr.201800034
0,0,1,1,0,1,0.1,1.6,18.1,100,30,25,60,55,360,10.1016/j.solener.2018.10.036
0,0,1,1,0,1,0.096,1.6,17.3,100,2,25,40,91,360,10.1039/c5ta09520d
0,0,1,1,0,1,0.096,1.6,17.7,100,2,25,40,85,360,10.1039/c5ta09520d
0,0,1,1,0,1,0.16,1.6,14.1,95,120,25,35,68,700,10.1039/c6ta09314k
0,0,1,1,0,1,0.16,1.6,16.9,95,120,25,35,87,700,10.1039/c6ta09314k
0,0,1,1,0,1,0.16,1.6,15.5,95,120,25,35,72,700,10.1039/c6ta09314k
0,0,1,1,0,1,0.16,1.6,18.8,95,120,25,35,90,700,10.1039/c6ta09314k
0,0,1,1,0,1,0.16,1.6,15,95,120,25,35,74,700,10.1016/j.jpowsour.2017.12.082
0,0,1,1,0,1,0.16,1.6,19,95,120,25,35,90.4,700,10.1016/j.jpowsour.2017.12.082
0,0,1,1,0,1,0.16,1.6,18.6,95,120,25,35,88.4,700,10.1016/j.jpowsour.2017.12.082
0,0,1,1,0,1,0.16,1.6,18.4,95,120,25,35,88.6,700,10.1016/j.jpowsour.2017.12.082
0,0,1,1,0,1,0.16,1.6,17.8,95,120,25,35,91.2,700,10.1016/j.jpowsour.2017.12.082
0,0,1,1,0,1,0.16,1.6,17.7,95,120,25,35,88.1,700,10.1016/j.jpowsour.2017.12.082
0,0.85,0.15,1,0.15,0.85,0.002,1.55,15.6,100,60,25,30,91,648,10.1021/acs.chemmater.6b03564
0,0.85,0.15,1,0.15,0.85,0.002,1.55,17.3,100,60,25,30,80,648,10.1021/acs.chemmater.6b03564
0,0.85,0.15,1,0.15,0.85,0.002,1.55,13.2,100,60,25,30,94,648,10.1021/acs.chemmater.6b03564
0,0.85,0.15,1,0.15,0.85,0.002,1.55,15.9,100,60,25,30,70,648,10.1021/acs.chemmater.6b03564
0,0,1,1,0,1,0.0002,1.6,18.81,100,30,25,55,81,720,10.1016/j.nanoen.2017.12.028
0,0,1,1,0,1,0.0002,1.6,17,100,30,25,55,82,720,10.1016/j.nanoen.2017.12.028
0,0,1,1,0,1,0.0002,1.6,19,100,30,25,55,91,720,10.1016/j.nanoen.2017.12.028
0,0,1,1,0,1,0.09,1.6,12.7,70,20,25,55,68.5,700,10.1016/j.jpowsour.2017.12.011
0,0,1,1,0,1,0.1,1.6,10.67,90,5,25,40,70,216,10.1016/j.solmat.2016.01.021
0,0,1,1,0,1,0.1,1.6,13.8,95,30,25,40,66,216,10.1016/j.solmat.2016.01.021
0,0,1,1,0,1,0.045,1.6,15.41,100,60,25,50,70,672,10.1016/j.electacta.2018.03.158
0,0,1,1,0,1,0.045,1.6,16.89,100,60,25,50,80,672,10.1016/j.electacta.2018.03.158
0,0,1,1,0,1,0.09,1.6,16.12,100,10,25,35,75,384,10.1016/j.jpowsour.2017.10.079
0,0,1,1,0,1,0.0784,1.585,10.7,140,10,22,35,87,1176,10.1039/c9ra03068a
0,0,1,1,0,1,0.0784,1.587,12.5,140,10,22,35,96.8,1176,10.1039/c9ra03068a
0,0,1,1,0,1,0.0784,1.59,12.8,140,10,22,35,89.0625,1176,10.1039/c9ra03068a
0,0,1,1,0,1,0.0784,1.588,12.5,140,10,22,35,96,1176,10.1039/c9ra03068a
0,0,1,1,0,1,0.0784,1.594,13,140,10,22,35,90,1176,10.1039/c9ra03068a
0,0,1,1,0,1,0.096,1.6,12.75,105,65,23,33,92,336,10.1039/c8ta06689b
0,0,1,1,0,1,0.096,1.6,17.42,105,65,23,33,81,336,10.1039/c8ta06689b
0,0,1,1,0,1,0.12,1.6,14.5,70,120,45,42,95,250,10.1002/aenm.201500568
0,0,1,1,0,1,0.12,1.6,12.3,100,10,45,42,95,250,10.1002/aenm.201500568
0,0,1,1,0,1,0.1,1.6,15.1,70,30,25,60,87,240,10.1002/aenm.201502206
0,0,1,1,0,1,0.1,1.6,15.1,100,60,25,60,89,240,10.1002/aenm.201502206
0,0,1,1,0,1,0.16,1.6,12.14,100,60,25,47.5,89,1440,10.1016/j.nanoen.2016.08.006
0,0,1,1,0,1,0.11,1.6,17.8,100,20,25,75,94,800,10.1002/solr.201800050
0,0,1,1,0,1,0.1,1.6,15.46,100,15,25,50,56,300,10.1021/acsami.7b01282
0,0,1,1,0,1,0.08,1.6,12.2,125,90,25,35,60,1324,10.1016/j.jpowsour.2015.02.084
0,0,1,1,0,1,0.09,1.6,19.94,100,10,25,50,96,312,10.1016/j.nanoen.2018.03.046
0,0,1,1,0,1,0.1,1.6,14.18,100,20,25,30,55,500,10.1021/acsami.8b21692
0,0,1,1,0,1,0.1,1.6,14.65,100,20,25,30,87,500,10.1021/acsami.8b21692
0,0,1,1,0,1,0.1,1.6,14.65,100,20,65,30,64,300,10.1021/acsami.8b21692
0,0,1,1,0,1,0.1,1.6,17.07,100,10,25,60,80,600,10.1021/acsami.8b21692
0,0,1,1,0,1,0.1,1.6,18.83,100,10,25,60,80,600,10.1021/acsami.8b21692
0,0,1,1,0,1,0.1,1.6,17.66,100,10,25,60,92,600,10.1021/acsami.8b21692
0,0,1,1,0,1,0.1,1.6,10.78,100,30,50,80,95,250,10.1021/acsami.8b22044
0,0,1,1,0,1,0.16,1.6,14.49,100,60,25,60,85,2880,10.1021/acsami.8b22044
0,1,0,1,0,1,0.09,1.48,20.05,160,20,25,35,80,400,10.1021/acsami.8b22044
0,0,1,1,0,1,0.16,1.6,10.3,50,60,25,50,63.106,500,10.1021/acsami.8b22044
0,0,1,1,0,1,0.1256,1.6,16.63,100,20,25,50,61,600,10.1039/C5TA03802B
0,0,1,1,0,1,0.1256,1.6,17.34,90,30,25,50,85,600,10.1039/C6CP03851D
0,0,1,1,0,1,0.09,1.6,10.2,165,15,25,50,90,840,10.1039/C6CP03851D
0,0,1,1,0,1,0.09,1.6,19.8,100,10,25,30,81,650,10.1002/cssc.201903216
0,0,1,1,0,1,0.09,1.6,14.66,100,20,25,30,81,1300,10.1002/cssc.201700290
0,0,1,1,0,1,0.1,1.6,17.2,100,10,25,30,91,560,10.1002/solr.201800275
0,0,1,1,0,1,0.1,1.6,16.3,100,10,25,60,80,360,10.1021/acsami.8b02554
0,0,1,1,0,1,0.1,1.6,15.1,100,10,25,60,60,360,10.1021/acsami.8b02554
0,0,1,1,0,1,0.1,1.6,13.4,100,10,25,60,60,360,10.1021/acsami.8b02554
0,0.5,0.5,1,0,1,0.084,1.546,18.12,60,10,25,50,80,350,10.1021/acsaem.8b01978
0,0.5,0.5,1,0,1,0.084,1.546,18.82,60,10,25,50,80,350,10.1021/acsaem.8b01978
0,0.5,0.5,1,0,1,0.084,1.546,19.07,60,10,25,50,80,350,10.1021/acsaem.8b01978
0,0,1,1,0,1,0.14,1.58,18.12,130,20,25,65,80,672,10.1021/acs.nanolett.6b02473
0,0,1,1,0.5,0.5,0.14,1.594,18.94,130,20,14,65,97,672,10.1021/acs.nanolett.6b02473
0,0,1,1,0,1,0.1,1.6,12.9,100,10,25,50,90,576,10.1039/c4ta06128d
0,0,1,1,0,1,0.1,1.6,16.6,100,30,35,75,65,725,10.1039/c8ta11361k
0,0,1,1,0,1,0.1,1.6,15.5,100,30,35,75,65,725,10.1039/c8ta11361k
0,0,1,1,0,1,0.1,1.6,18.2,100,30,35,75,78,725,10.1039/c8ta11361k
0,0,1,1,0,1,0.1,1.6,16.46,100,10,25,50,80,288,10.1021/acsami.8b10332
0,0,1,1,0,1,0.04,1.6,15.6,100,30,25,35,60,264,10.1016/j.orgel.2018.03.050
0,0,1,1,0,1,0.2,1.6,10.5,70,30,25,50,100,300,10.1016/j.solener.2017.01.019
0,0,1,1,0,1,0.2,1.6,12.7,70,30,25,50,100,300,10.1016/j.solener.2017.01.019
0,0,1,1,0,1,0.112,1.6,17,100,45,25,50,67,1080,10.1002/aenm.201700683
0,0,1,1,0,1,0.09,1.6,17.82,105,60,25,70,69,1440,10.1016/j.orgel.2019.06.039
0,0,1,1,0,1,0.15,1.6,11.9,50,140,25,70,90,1200,10.1002/adfm.201706777
0,0,1,1,0,1,0.15,1.6,11.9,50,140,60,70,91,1600,10.1002/adfm.201706777
0,0,1,1,0,1,0.15,1.6,15.5,50,140,25,70,73,1200,10.1002/adfm.201706777
0,0,1,1,0,1,0.15,1.6,15.5,50,140,60,70,51,1600,10.1002/adfm.201706777
0,0,1,1,0,1,0.15,1.6,15,50,140,25,70,55,1200,10.1002/adfm.201706777
0,0,1,1,0,1,0.16,1.6,15.8,100,2,25,70,97,360,10.1016/j.cej.2017.07.160
0,0,1,1,0,1,0.16,1.6,15.7,100,2,25,70,96,360,10.1016/j.cej.2017.07.160
0,0,1,1,0,1,0.07065,1.6,14.62,85,20,20,38,90,1200,10.1039/c7ee01889d
0,0,1,1,0,1,0.1,1.6,16,100,10,25,50,75,480,10.1002/advs.201801170
0,0,1,1,0,1,0.1,1.6,20.02,100,10,25,50,90,480,10.1002/advs.201801170
0,0,1,1,0,1,0.09,1.55,18.08,100,10,25,40,60,840,10.1021/acsami.9b06873
0,0,1,1,0,1,0.09,1.55,20.41,100,10,25,40,55,840,10.1021/acsami.9b06873
0,0,1,1,0,1,0.06,1.56,17.03,50,90,25,35,60,264,10.1016/j.jallcom.2017.11.027
0,0,1,1,0,1,0.1,1.58,14.7,100,10,25,60,100,4320,10.1002/adfm.201804856
0,0,1,1,0,1,0.14,1.6,16.3,65,3,25,80,87,500,10.1039/c7ta03881j
0,0,1,1,0,1,0.1,1.6,15.7,100,30,25,50,92,1008,10.1007/s11434-016-0994-1
0,0,1,1,0,1,0.1,1.6,10.54,65,1,25,55,70,500,10.1016/j.dyepig.2019.01.002
0,0,1,1,0,1,0.1,1.6,17.96,100,10,25,55,80,500,10.1016/j.dyepig.2019.01.002
0,0,1,1,0,1,0.1,1.6,16.7,65,1,25,55,55,500,10.1016/j.dyepig.2019.01.002
0,0,1,1,0,1,0.068,1.6,11.2,100,10,25,30,90,2160,10.1039/c5nr09045h
0,0,1,1,0,1,0.068,1.6,10.2,100,10,25,30,95,2160,10.1039/c5nr09045h
0,1,0,1,0,1,0.1,1.48,11.46,70,10,25,60,86,900,10.1016/j.jallcom.2019.02.280
0,0,1,1,0,1,0.1,1.6,14.2,80,20,25,70,86.7,500,10.1038/ncomms11105
0,0,1,1,0,1,0.1,1.6,13.1,100,20,30,40,80,1000,10.1002/anie.201800816
0,0,1,1,0,1,0.12,1.6,12.17,80,30,30,40,78,672,10.1016/j.electacta.2018.06.112
0,0,1,1,0,1,0.0831,1.6,11,100,10,25,30,90,1000,10.1039/c5ta03046c
0,0,1,1,0,1,0.0831,1.6,11.9,100,10,25,30,90,1000,10.1039/c5ta03046c
0,0,1,1,0,1,0.16,1.6,16.4,100,90,80,30,60.1,720,10.1016/j.dyepig.2016.08.002
0,0,1,1,0,1,0.16,1.6,12.3,100,90,80,30,78.5,720,10.1016/j.dyepig.2016.08.002
0,0,1,1,0,1,0.16,1.6,15.1,100,90,80,30,100,720,10.1016/j.dyepig.2016.08.002
0.05,0.79,0.16,1,0.17,0.83,0.1,1.58,16.35,100,45,25,60,61.27,600,10.1002/smtd.201800521
0.05,0.79,0.16,1,0.17,0.83,0.1,1.58,17.85,100,45,25,60,60.54,600,10.1002/smtd.201800521
0,0,1,1,0,1,0.09,1.5,18.59,100,10,25,30,90,1000,10.1002/cssc.201700678
0,0,1,1,0,1,0.09,1.5,17.81,100,10,25,30,90,1000,10.1002/cssc.201700678
0,0,1,1,0,1,0.1,1.56,19.01,120,20,25,45,60,2000,10.1021/jacs.8b07025
0,0,1,1,0,1,0.1,1.56,19.8,100,2,25,45,95,2000,10.1021/jacs.8b07025
0,0,1,1,0,1,0.1,1.56,12.1,70,5,25,30,77,1440,10.1038/srep17684
0,0.85,0.15,1,0.15,0.85,0.1,1.57,15.69,130,20,25,35,60,720,10.1021/acsami.9b06424
0,0.85,0.15,1,0.15,0.85,0.1,1.57,16.58,130,20,25,35,85,720,10.1021/acsami.9b06424
0,0.85,0.15,1,0.15,0.85,0.1,1.57,17.61,130,20,25,35,85,720,10.1021/acsami.9b06424
0,0.85,0.15,1,0.15,0.85,0.1,1.57,17.66,130,20,25,35,85,720,10.1021/acsami.9b06424
0,0.85,0.15,1,0.15,0.85,0.1,1.57,17.12,130,20,25,35,85,720,10.1021/acsami.9b06424
0,0.6,0.4,1,0,1,0.1,1.54,19.2,150,40,25,30,60,750,10.1021/acsami.8b01054
0.1,0.54,0.36,1,0,1,0.1,1.51,19.4,120,40,25,30,80,750,10.1021/acsami.8b01054
0,0,1,1,0,1,0.09,1.57,20.28,100,15,25,65,93,1440,10.1002/aenm.201803573
0,0,1,1,0,1,0.1,1.6,17.53,50,2,25,50,75.4,1000,10.1002/aenm.201803573
0,0,1,1,0,1,0.1,1.6,18.98,100,10,25,50,86,1000,10.1021/acsnano.8b05514
0,0,1,1,0,1,0.1,1.6,19.34,100,10,25,50,89,1000,10.1021/acsnano.8b05514
0,0,1,1,0,1,0.1,1.6,20.12,100,10,25,50,91,1000,10.1021/acsnano.8b05514
0,0,1,1,0,1,0.0625,1.6,15.71,100,10,20,40,58,720,10.1002/aenm.201703143
0,0,1,1,0,1,0.0625,1.6,15.85,100,10,20,40,59,720,10.1002/aenm.201703143
0,0,1,1,0,1,0.0625,1.6,16.34,100,10,20,40,63,720,10.1002/aenm.201703143
0,0,1,1,0,1,0.0625,1.6,16.76,100,10,20,40,75,720,10.1002/aenm.201703143
0,0,1,1,0,1,0.09,1.6,19.19,105,60,25,50,79,1440,10.1039/c7se00080d
0,0,1,1,0,1,0.07,1.6,15.2,140,30,25,45,66,770,10.1002/advs.201900252
0,0,1,1,0,1,0.07,1.6,15.3,140,30,25,45,87,770,10.1002/advs.201900252
0,0,1,1,0,1,0.066,1.6,17.13,100,10,25,55,80,1400,10.1016/j.nanoen.2017.12.041
0,0,1,1,0,1,0.066,1.6,16.05,100,10,25,55,95,1400,10.1016/j.nanoen.2017.12.041
0,0,1,1,0,1,0.1,1.6,17.23,100,15,25,55,75,500,10.1002/cssc.201901430
0,0,1,1,0,1,0.1,1.6,20.46,100,15,30,40,90,500,10.1016/j.nanoen.2019.06.034
0,0,1,1,0,1,0.1,1.59,18.51,100,15,30,40,74,500,10.1016/j.nanoen.2019.06.034
0,0,1,1,0,1,0.1,1.6,19.1,65,1,26,60,76,552,10.1016/j.electacta.2018.11.066
0,0,1,1,0,1,0.16,1.52,15.4,70,10,25,30,100,1000,10.1002/cssc.201600905
0,0,1,1,0,1,0.16,1.52,16.1,100,60,25,30,97,1000,10.1002/cssc.201600905
0,0,1,1,0,1,0.16,1.52,11.3,100,60,25,30,95,1000,10.1002/cssc.201600905
0,0,1,1,0,1,0.16,1.52,16.7,100,60,25,30,83,1000,10.1002/cssc.201600905
0,0,1,1,0,1,0.0813,1.6,14.94,100,10,25,75,76.3,456,10.1021/acsnano.6b01535
0,0,1,1,0,1,0.06,1.6,18.07,100,10,25,30,92,384,10.1021/acsami.6b05971
0,0,1,1,0,1,0.1,1.6,19.41,100,3,85,45,90,1000,10.1021/jacs.9b01305
0,0,1,1,0,1,0.1,1.6,15.74,175,30,28,45,84,360,10.1016/j.solener.2019.02.012
0,0,1,1,0,1,0.09,1.6,15.73,100,60,25,65,100,2160,10.1021/acsami.8b18530
0,0,1,1,0,1,0.126,1.6,17.78,70,15,22.5,42.5,85,720,10.1021/acsami.7b01904
0,0,1,1,0,1,0.16,1.6,16.3,100,90,25,30,63,672,10.1039/c6ta05254a
0,0,1,1,0,1,0.16,1.6,15.3,100,90,25,30,86,672,10.1039/c6ta05254a
0,0,1,1,0,1,0.1,1.6,11.36,70,30,25,40,82,2160,10.1021/acsami.7b02799
0,0,1,1,0,1,0.014,1.6,17.8,100,2,25,45,70,240,10.1039/c6cc06290c
0,0,1,1,0,1,0.1,1.6,16.56,100,30,25,35,90,360,10.1016/j.cap.2018.10.020
0,0,1,1,0,1,0.09,1.6,15.1,70,30,25,50,83,720,10.1002/cssc.201700271
0,0,1,1,0,1,0.1,1.6,18.51,100,10,25,30,51,840,10.1021/acsami.7b08488
0,0,1,1,0,1,0.1,1.6,16.01,25,45,25,55,91,240,10.1016/j.solmat.2017.01.009
0,0,1,1,0,1,0.15,1.6,14.01,150,25,25,30,93,504,10.1016/j.solmat.2019.03.040
0,0,1,1,0,1,0.15,1.6,13.34,150,25,25,30,93,504,10.1016/j.solmat.2019.03.040
0,0,1,1,0,1,0.15,1.6,13.48,150,25,25,30,93,504,10.1016/j.solmat.2019.03.040
0,0,1,1,0,1,0.15,1.6,15.11,150,25,25,30,78,504,10.1016/j.solmat.2019.03.040
0,0,1,1,0,1,0.15,1.6,11.26,150,25,25,30,78,504,10.1016/j.solmat.2019.03.040
0,0,1,1,0,1,0.15,1.6,11.24,150,25,25,30,78,504,10.1016/j.solmat.2019.03.040
0,0,1,1,0,1,0.15,1.6,11.95,150,25,25,30,90,504,10.1016/j.solmat.2019.03.040
0,0,1,1,0,1,0.15,1.6,11.4,150,25,25,30,90,504,10.1016/j.solmat.2019.03.040
0,0,1,1,0,1,0.15,1.6,11.06,150,25,25,30,90,504,10.1016/j.solmat.2019.03.040
0,0,1,1,0,1,0.09,1.6,17.3,70,30,25,75,95,1400,10.1039/c6ee00709k
0,0,1,1,0,1,0.16,1.6,13.3,100,10,25,35,95,400,10.1039/c8ta10892g
0,0,1,1,0,1,0.16,1.6,14.5,100,10,25,35,92,400,10.1039/c8ta10892g
0,0,1,1,0,1,0.1,1.571,14.5,100,10,25,30,60,600,10.1021/acsami.8b06619
0,0,1,1,0,1,0.1,1.55,17.8,100,10,25,30,90,600,10.1021/acsami.8b06619
0,0,1,1,0,1,0.1,1.6,14.6,100,10,25,40,57,500,10.1016/j.solener.2019.10.080
0,0,1,1,0,1,0.1,1.6,13.75,100,10,25,40,85,500,10.1016/j.solener.2019.10.080
0,0,1,1,0,1,0.1,1.6,14.9,100,10,25,40,85,500,10.1016/j.solener.2019.10.080
0,0.85,0.15,1,0.15,0.85,0.105,1.51,18.51,100,30,25,40,85,500,10.1016/j.jechem.2019.08.015
0,0.85,0.15,1,0.15,0.85,0.105,1.51,15.36,100,30,25,40,77,500,10.1016/j.jechem.2019.08.015
0,0,1,1,0,1,0.009,1.6,11.7,190,10,22,30,100,672,10.1016/j.cplett.2019.136822
0,0,1,1,0,1,0.009,1.6,11.75,210,10,22,30,100,672,10.1016/j.cplett.2019.136822
0,0,1,1,0,1,0.009,1.6,11.99,220,10,22,30,100,672,10.1016/j.cplett.2019.136822
0,0,1,1,0,1,0.09,1.6,11.72,150,140,25,33,91,720,10.1002/admi.201900939
0,0,1,1,0,1,0.1757,1.6,14.66,100,20,25,70,90,1392,10.1016/j.nanoen.2019.104246
0,0.3,0.7,1,0,1,0.045,1.57,17.44,60,3,25,40,59,1000,10.1002/admi.201901716
0,0.3,0.7,1,0,1,0.045,1.57,19.64,100,20,25,40,90,1000,10.1002/admi.201901716
0,0,1,1,0,1,0.1,1.6,15.2,95,5,25,50,90,480,10.1002/adma.201706975
0,0.95,0.05,1,0.05,0.95,0.09,1.51,17.03,130,10,25,30,60,1000,10.1039/c9ta05422g
0,0.95,0.05,1,0.05,0.95,0.09,1.51,20.1,130,10,25,30,90,1000,10.1039/c9ta05422g
0,0,1,1,0,1,0.0707,1.59,18.85,100,3,25,32,90,960,10.1021/acsami.8b10170
0,0,1,1,0,1,0.1,1.5,15.87,100,10,25,40,90,2880,10.1021/acsaem.9b00391
0,0,1,1,0,1,0.1,1.5,18.53,100,10,25,40,75,2880,10.1021/acsaem.9b00391
0.05,0.79,0.16,1,0.17,0.83,0.1,1.6,19.17,100,40,25,50,85,720,10.1021/acsaem.8b02219
0,0,1,1,0,1,0.075,1.59,20.39,150,20,25,70,81,1170,10.1002/adfm.201808667
0,0,1,1,0,1,0.09,1.6,16.83,105,30,25,36,92,720,10.1039/c6cp06953c
0,0,1,1,0,1,0.09,1.6,18.34,105,30,25,36,98,720,10.1039/c6cp06953c
0,0,1,1,0,1,0.096,1.6,15.49,100,10,25,60,91,1200,10.1002/solr.201800052
0,0,1,1,0,1,0.04,1.6,14.6,100,20,25,70,75.7,480,10.1021/acs.jpcc.6b12137
0,0,1,1,0,1,0.04,1.6,16.4,100,20,25,70,93.3,480,10.1021/acs.jpcc.6b12137
0,0,1,1,0,1,0.16,1.59,12.42,70,15,25,42.5,75,1000,10.1002/adma.201606608
0,0,1,1,0,1,0.16,1.59,15.8,70,15,25,42.5,90,1000,10.1002/adma.201606608
0,0,1,1,0,1,0.1,1.55,15.9,100,25,25,30,60,240,10.1002/adfm.201504245
0,0,1,1,0,1,0.1,1.51,10.25,100,15,25,60,60,250,10.1016/j.solmat.2018.11.041
0,0,1,1,0,1,0.1,1.5,12.13,100,10,25,50,76.54,340,10.1016/j.solmat.2019.04.026
0,0,1,1,0,1,0.1,1.5,13.99,65,10,25,50,86.88,340,10.1016/j.solmat.2019.04.026
0.05,0.8075,0.1425,1,0.15,0.85,0.16,1.6,16.47,100,45,20,40,83.1,1440,10.1039/c8ta07368f
0,0,1,1,0,1,0.09,1.6,13,95,10,25,30,73.45,700,10.1039/c8ta05291c
0,0,1,1,0,1,0.09,1.6,16.8,95,10,25,30,76.5,700,10.1039/c8ta05291c
0.05,0.8075,0.1425,1,0.15,0.85,0.16,1.6,16.07,100,60,25,55,85.5,3600,10.1002/cssc.201700797
0.05,0.8075,0.1425,1,0.15,0.85,0.16,1.6,16.32,100,60,25,55,88.3,3600,10.1002/cssc.201700797
0.05,0.8075,0.1425,1,0.15,0.85,0.16,1.6,15.06,100,60,25,55,94.5,3600,10.1002/cssc.201700797
0.05,0.8075,0.1425,1,0.15,0.85,0.16,1.6,15.41,100,60,25,55,54.8,3600,10.1002/cssc.201700797
0,0,1,1,0,1,0.1,1.55,11.2,100,15,25,50,65,1000,10.1039/c7ta10871k
0,0,1,1,0,1,0.11,1.55,17.21,100,2,25,28,70.21,500,10.1002/adma.201503729
0,0,1,1,0.1,0.9,0.09,1.595,13.29,95,15,25,40,93,336,10.1016/j.nanoen.2015.11.024
0,0,1,1,0,1,0.12,1.6,18.05,90,30,25,50,85,1200,10.1002/aenm.201602017
0,0,1,1,0,1,0.1,1.6,11.4,120,30,25,65,100,1440,10.1002/ente.201700484
0,0,1,1,0,1,0.0625,1.6,15.02,100,5,25,55,90.4,500,10.1038/NENERGY.2015.16
0,0,1,1,0,1,0.15,1.6,12.48,80,30,25,50,86.25,1080,10.1016/j.cej.2017.11.189
0,0,1,1,0,1,0.1,1.6,10.09,75,60,85,40,100,325,10.1002/adfm.201809129
0.05,0.79,0.16,1,0.15,0.85,0.16,1.58,19.8,100,10,25,35,90,1440,10.1021/acsaem.9b01924
0,0,1,1,0,1,0.06,1.6,14.56,100,10,25,45,65,500,10.1016/j.apsusc.2019.04.069
0,0,1,1,0,1,0.06,1.6,17.06,100,30,25,45,85,500,10.1016/j.apsusc.2019.04.069
0,0,1,1,0,1,0.045,1.6,17.72,120,20,25,32,76.1,360,10.1016/j.jpowsour.2018.05.091
0,0,1,1,0,1,0.045,1.6,17.36,120,20,25,32,73.3,360,10.1016/j.jpowsour.2018.05.091
0,0,1,1,0,1,0.1,1.6,18.89,100,120,25,35,70,350,10.1021/acsaem.8b02145
0,0,1,1,0,1,0.16,1.6,14.93,100,90,25,30,52,840,10.1002/ente.201600517
0,0,1,1,0,1,0.16,1.6,12.63,100,90,25,30,70,840,10.1002/ente.201600517
0.05,0.79,0.16,1,0.17,0.83,0.1,1.59,16.59,100,60,25,40,70,240,10.1016/j.orgel.2018.09.040
0.05,0.79,0.16,1,0.17,0.83,0.1,1.59,18.55,100,60,25,40,88,240,10.1016/j.orgel.2018.09.040
0,0.85,0.15,1,0.15,0.85,0.1,1.6,12.6,100,60,25,50,80,5400,10.1016/j.joule.2018.06.012
0,0.85,0.15,1,0.15,0.85,0.1,1.6,14.05,100,60,25,50,80,5400,10.1016/j.joule.2018.06.012
0,0.85,0.15,1,0.15,0.85,0.1,1.6,12.24,100,60,25,50,80,5400,10.1016/j.joule.2018.06.012
0,0.85,0.15,1,0.15,0.85,0.1,1.6,12.19,100,60,25,50,80,5400,10.1016/j.joule.2018.06.012
0,0,1,1,0,1,0.11,1.6,11.5,70,30,25,70,91,240,10.1016/j.dyepig.2016.12.067
0,0,1,1,0,1,0.09,1.6,17.4,60,2,25,40,86.4,1500,10.1002/adfm.201701804
0,0,1,1,0,1,0.09,1.6,18,100,10,25,40,101,1500,10.1016/j.nanoen.2017.05.040
0,0,1,1,0,1,0.09,1.6,15.17,70,10,25,45,65.5,700,10.1016/j.apsusc.2018.04.058
0,0,1,1,0,1,0.1,1.6,17.08,100,10,20,30,88.9,1000,10.1039/c7nr04362g
0,0,1,1,0,1,0.1,1.6,17.98,100,10,20,30,79.6,1000,10.1039/c7nr04362g
0,0,1,1,0,1,0.1,1.6,17.08,100,10,20,50,69.5,240,10.1039/c7nr04362g
0,0,1,1,0,1,0.1,1.6,17.98,100,10,20,50,69.5,240,10.1039/c7nr04362g
0,0,1,1,0,1,0.1,1.6,17.08,100,10,50,50,67.5,240,10.1039/c7nr04362g
0,0,1,1,0,1,0.1,1.6,17.98,100,10,50,50,64.2,240,10.1039/c7nr04362g
0,0,1,1,0,1,0.1,1.6,17.08,100,10,80,50,52.5,240,10.1039/c7nr04362g
0,0.85,0.15,1,0.15,0.85,0.13,1.51,17,100,30,25,40,90,480,10.1021/acsami.8b12678
0,0.85,0.15,1,0.15,0.85,0.13,1.51,19.2,100,30,25,40,92.2,480,10.1021/acsami.8b12678
0,0.85,0.15,1,0.15,0.85,0.13,1.51,19.7,100,30,25,40,80.1,480,10.1021/acsami.8b12678
0,0,1,1,0,1,0.1,1.6,14.47,70,10,25,40,90,1400,10.1039/c8ta06970k
0,0,1,1,0,1,0.1,1.6,16.51,80,30,25,40,90,1400,10.1039/c8ta06970k
0,0,1,1,0,1,0.1,1.6,15.8,100,10,25,35,83,500,10.1016/j.nanoen.2018.06.024
0,0,1,1,0,1,1.84,1.6,16,50,2,25,40,81.6,1033,10.1002/ente.201901284
0,0,1,1,0,1,1.84,1.6,16.75,100,10,25,40,81.6,1033,10.1002/ente.201901284
0,0,1,1,0,1,1.84,1.6,16.91,50,10,25,40,78.2,1033,10.1002/ente.201901284
0,0,1,1,0,1,1.84,1.6,15.1,50,10,25,40,85.1,1033,10.1002/ente.201901284
0,0,1,1,0,1,1,1.6,10.4,100,20,25,40,81.5,720,10.1246/cl.190210
0,0,1,1,0,1,1,1.6,11.7,100,20,25,40,82.7,720,10.1246/cl.190210
0,0,1,1,0,1,1,1.6,12.5,100,20,25,40,82.7,720,10.1246/cl.190210
0,0,1,1,0,1,1,1.6,10.7,100,20,25,40,82.7,720,10.1246/cl.190210
0,0,1,1,0,1,0.05,1.6,17.77,100,10,20,30,60,500,10.1002/adfm.201800475
0,0,1,1,0,1,0.05,1.6,17.88,100,10,20,30,58,500,10.1002/adfm.201800475
0,0,1,1,0,1,0.05,1.6,18.12,100,10,20,30,62,500,10.1002/adfm.201800475
0,0,1,1,0,1,0.05,1.6,19.56,100,10,20,30,82,500,10.1002/adfm.201800475
0,0,1,1,0,1,0.09,1.6,11.23,100,30,25,55,89,720,10.1038/srep25648
0,1,0,1,0,1,0.05,1.48,19,160,40,20,50,99,3000,10.1002/adma.201603062
0,1,0,1,0,1,0.09,1.48,20.23,150,10,25,40,60,2880,10.1021/acsami.8b22040
0,0,1,1,0,1,0.1,1.6,18.13,100,2,25,45,80,1000,10.1002/advs.201802040
0,0,1,1,0,1,0.1,1.59,15.11,120,20,28,35,92.6,1320,10.1016/j.mtener.2018.01.006
0,0,1,1,0,1,0.09,1.6,15.45,100,10,25,30,90.4,500,10.1002/solr.201800352
0,0,1,1,0,1,0.09,1.6,18.13,100,10,25,30,95,500,10.1002/solr.201800352
0,0,1,1,0,1,0.1,1.6,18.21,100,20,30,30,65,1000,10.1002/anie.201911518
0,0,1,1,0,1,0.1,1.6,20.85,100,20,30,30,95,1000,10.1002/anie.201911518
0,0,1,1,0,1,0.1,1.6,12.9,100,15,28,45,94,720,10.1088/1361-6528/ab4f2a
0,0,1,1,0,1,0.1,1.6,10.3,100,60,25,30,85,240,10.1016/j.dyepig.2019.107954
0,0,1,1,0,1,0.1,1.6,12.1,100,60,25,30,79,240,10.1016/j.dyepig.2019.107954
0,0,1,1,0,1,0.1,1.6,14.18,25,60,25,55,100,3500,10.1039/c9sc04900b
0,0,1,1,0,1,0.1,1.6,18.2,100,10,25,50,75,1000,10.1088/1361-6528/ab55a1
0,0,1,1,0,1,0.1,1.6,19.2,100,10,25,50,85,1000,10.1088/1361-6528/ab55a1
0,0,1,1,0,1,0.48,1.6,12.58,60,10,25,50,100,3360,10.1002/solr.201900278
0,0,1,1,0,1,0.48,1.6,15.27,100,10,25,50,100,3360,10.1039/c9ta09101g
0,0,1,1,0,1,0.8,1.6,15.79,120,10,25,45,89,1000,10.1039/c9ta09101g
0,0,1,1,0,1,0.07065,1.6,10.19,100,15,25,30,98,720,10.1016/j.nanoen.2015.04.025
0,0,1,1,0,1,0.1,1.6,19.41,100,10,25,45,80,720,10.1021/acsami.9b01740
0,1,0,1,0,1,0.08,1.48,10.56,150,10,25,50,54.4,240,10.1021/acsami.9b01740
0,0,1,1,0,1,0.0707,1.6,18.9,100,10,25,45,91,800,10.1021/acsenergylett.8b00493
0,0,1,1,0,1,0.1,1.6,14.47,100,30,25,35,87,672,10.1039/c6ta10470c
0,0,1,1,0,1,0.09,1.6,18.78,100,25,25,55,90,1000,10.1021/acsami.9b16194
0,0,1,1,0,1,0.04,1.6,17.97,90,20,25,30,95,500,10.1021/acsaem.9b00859
0,0,1,1,0,1,1,1.6,18.6,100,30,25,60,93.5,420,10.1002/adma.201905661
0,0,1,1,0,1,0.1,1.6,10.35,100,15,25,80,73,240,10.1016/j.polymer.2019.121973
0,0,1,1,0,1,0.1,1.6,11.16,100,15,25,80,81,240,10.1016/j.polymer.2019.121973
0,0,1,1,0,1,0.1,1.6,11.95,100,15,25,80,88,240,10.1016/j.polymer.2019.121973
0,0,1,1,0,1,0.1,1.6,10.41,100,15,25,80,76,240,10.1016/j.polymer.2019.121973
0,1,0,1,0,1,0.1,1.48,16.5,150,30,25,40,85.4,480,10.1016/j.cej.2019.123273
0,0,1,1,0,1,0.09,1.6,15,70,30,25,50,82,480,10.1002/ente.201900990
0,0,1,1,0,1,0.1,1.6,12.8,100,5,25,45,85,320,10.1021/jacs.5b06493
0,0,1,1,0,1,0.1,1.6,14.02,100,5,25,45,90,320,10.1021/jacs.5b06493
0,0,1,1,0,1,0.15,1.6,15.65,90,30,25,35,91.2,1000,10.1002/adfm.201606156
0,0,1,1,0,1,0.09,1.55,15.92,150,120,25,32,92,600,10.1021/acs.jpcc.8b11650
0,0,1,1,0,1,0.11,1.6,20.05,125,5,25,70,80,550,10.1002/adma.201705596
0,0,1,1,0,1,0.15,1.57,11.6,100,15,25,30,90,288,10.1002/anie.201408638
0.05,0.81,0.14,1,0.15,0.85,0.09,1.585,20.6,120,30,25,30,95,1440,10.1002/anie.201806392
0.05,0.81,0.14,1,0.15,0.85,0.09,1.585,18.4,100,30,25,30,95,1440,10.1002/anie.201806392
0,0.85,0.15,1,0,1,0.1,1.56,20.63,130,15,25,70,98,720,10.1002/adma.201707583
0,0.1,0.9,1,0,1,0.1083,1.51,16.9,90,30,25,45,100,1920,10.1002/adma.201601881
0,0,1,1,0,1,0.1,1.59,13.17,100,10,25,30,60,216,10.1016/j.jpowsour.2019.226699
0,0,1,1,0,1,0.096,1.6,17.2,100,2,25,40,88,336,10.1039/c5ee00120j
0,0,1,1,0,1,0.1,1.6,10.6,100,5,25,50,95,504,10.1021/ja511132a
0,0,1,1,0,1,0.09,1.57,18,130,10,25,60,65,1680,10.1039/c6ee02687g
0,0.85,0.15,1,0.15,0.85,0.16,1.58,18.41,100,60,25,60,69,1440,10.1039/c8ta00931g
0,0,1,1,0,1,0.4,1.6,18.28,95,30,25,30,55,480,10.1007/s11426-018-9432-x
0,0,1,1,0,1,0.4,1.6,20.16,95,30,25,30,85,480,10.1007/s11426-018-9432-x
0,0,1,1,0,1,0.4,1.6,16.99,95,30,25,30,75,480,10.1007/s11426-018-9432-x
0,0,1,1,0,1,0.4,1.6,16.59,95,30,25,30,75,480,10.1007/s11426-018-9432-x
0,0,1,1,0,1,0.4,1.6,18.68,95,30,25,30,85,480,10.1007/s11426-018-9432-x
0,0,1,1,0,1,0.09,1.6,12.55,90,30,25,50,76,2000,10.1016/j.nanoen.2016.11.039
0,0,1,1,0,1,0.09,1.6,15.73,120,20,25,50,95,2000,10.1016/j.nanoen.2016.11.039
0,0,1,1,0,1,0.09,1.6,18.83,150,20,25,35,95,1200,10.1002/solr.201800232
0,0,1,1,0,1,0.1,1.6,12.29,150,25,25,40,93.71,1488,10.1039/c6ra19582b
0,0.9,0.1,1,0,1,0.12,1.55,22.95,150,12,40,30,85.7,504,10.1002/adma.201907769
0.05,0.81,0.14,1,0.15,0.85,0.14,1.59,18.48,110,60,25,40,71,1440,10.1021/acssuschemeng.0c02983
0.05,0.81,0.14,1,0.15,0.85,0.15,1.59,20.13,110,60,25,45,86,1440,10.1021/acssuschemeng.0c02983
0,0,1,1,0,1,0.8,1.5,12.36,100,30,25,65,98,6000,10.1016/j.solener.2019.02.056
0,0,1,1,0,1,0.8,1.5,10.49,90,20,25,65,72,6000,10.1016/j.solener.2019.02.056
0,1,0,1,0,1,0.09,1.48,18.89,150,30,25,40,55,500,10.1021/acsnano.8b02079
0.05,0.79,0.16,1,0.17,0.83,0.09,1.6,16.01,100,20,35,45,65,1000,10.1016/j.solener.2019.07.091
0.05,0.79,0.16,1,0.17,0.83,0.09,1.6,11.85,100,20,35,45,69,1000,10.1016/j.solener.2019.07.091
0.05,0.79,0.16,1,0.17,0.83,0.09,1.6,15.31,100,20,35,45,85,1000,10.1016/j.solener.2019.07.091
0,0,1,1,0,1,1,1.6,11.7,130,10,25,50,96,1500,10.1016/j.nanoen.2018.11.004
0,0,1,1,0,1,0.122,1.6,19.03,65,1,25,30,55,4800,10.1039/c8ta12217b
0,0,1,1,0,1,0.122,1.6,17.59,100,5,25,30,73,4800,10.1039/c8ta12217b
0,0,1,1,0,1,0.122,1.6,18.2,100,5,25,30,86,4800,10.1039/c8ta12217b
0,0,1,1,0,1,0.2,1.56,11.62,100,30,25,50,100,2640,10.1016/j.orgel.2020.105734
0,0,1,1,0,1,0.19,1.59,16.22,100,10,25,30,60,720,10.1007/s40820-020-00517-y
0,0,1,1,0,1,0.17,1.59,18.05,100,10,25,30,95,720,10.1007/s40820-020-00517-y
0,0,1,1,0,1,0.2,1.59,16.24,100,10,25,30,78,360,10.1016/j.orgel.2020.105681
0,0,1,1,0,1,0.21,1.59,18.07,100,5,25,30,89,360,10.1016/j.orgel.2020.105681
0,0,1,1,0,1,0.19,1.59,17.11,100,10,25,55,70,1000,10.1016/j.jechem.2019.10.006
0.05,0.79,0.16,1,0.156,0.844,0.115,1.59,14,100,45,25,62,93,1920,10.1016/j.jechem.2019.10.006
0,0.026,0.974,1,0,1,0.17,1.516,19.01,130,90,26,50,97.1,5760,10.1016/j.solmat.2020.110517
0,0.026,0.974,1,0,1,0.17,1.516,20.21,130,90,85,50,90.2,522,10.1002/aenm.202000967
0,0.3,0.7,1,0,1,0.08,1.57,16.42,100,5,25,45,96.4,480,10.1002/aenm.202000967
0,0,1,1,0,1,0.08,1.59,12.56,100,15,25,30,70,1344,10.1002/aenm.202000967
0,0,1,1,0,1,0.08,1.59,13.82,100,15,25,30,65,1344,10.1039/c6ra03466g
0,0,1,1,0,1,0.18,1.6,10.25,50,12,25,80,70,1000,10.1016/j.orgel.2017.03.005
0,0,1,1,0,1,0.1,1.6,12.56,100,20,20,50,92,1000,10.1002/adfm.201601119
0,0,1,1,0,1,0.1,1.6,15.14,100,20,20,50,63,1000,10.1002/adfm.201601119
0,0,1,1,0,1,0.04,1.6,12.1,70,60,25,75,55,240,10.1039/c6nr01152g
0,0,1,1,0,1,0.04,1.6,11.7,70,60,25,75,95,240,10.1039/c6nr01152g
0,0,1,1,0,1,0.02,1.6,19.97,60,45,25,40,80,900,10.1021/acs.jpclett.9b03774
0,0,1,1,0,1,0.12,1.55,10.7,90,30,25,50,94,720,10.1021/acsami.5b04490
0,0,1,1,0,1,0.12,1.55,11.8,120,20,25,50,56,720,10.1021/acsami.5b04490
0,0,1,1,0,1,0.1,1.6,19.51,100,60,25,40,80,700,10.1002/adfm.201902021
0,0,1,1,0,1,0.1,1.6,19.21,100,60,25,40,60,700,10.1002/adfm.201902021
0,0,1,1,0,1,0.04,1.6,17.44,45,100,25,45,80,300,10.1016/j.nanoen.2017.08.008
0,0,1,1,0,1,0.06,1.6,15.7,70,10,25,55,61,1800,10.1002/aenm.201501354
0,0,1,1,0,1,0.12,1.6,14.48,60,0.33,25,50,95,720,10.1039/c7ta06088b
0,0,1,1,0,1,0.12,1.6,13.21,100,5,35,45,75,250,10.1039/c5nr01820j
0,0,1,1,0,1,0.1,1.55,14.6,100,20,25,65,67,240,10.1021/acs.jpcc.6b05667
0,0,1,1,0,1,0.1,1.55,17.2,100,20,25,65,80,240,10.1021/acs.jpcc.6b05667
0,0,1,1,0,1,0.16,1.6,14.19,80,40,25,75,92,1000,10.1002/aenm.201901019
0,0,1,1,0,1,0.16,1.6,16.95,100,25,25,75,89,1000,10.1002/aenm.201901019
0,0,1,1,0,1,0.0625,1.6,10.05,100,100,27,60,60.7,1680,10.1039/c8tc01939h
0,0.15,0.85,1,0,1,0.04,1.554,16.59,130,5,27,50,80,500,10.1039/C8NR00152A
0.15,0.75,0.1,1,0.033,0.967,0.04,1.57,20.2,110,5,27,50,80,950,10.1039/C8NR00152A
0,0,1,1,0,1,0.04,1.6,18.06,100,30,25,30,70,240,10.1039/c7nr07933h
0,0,1,1,0,1,0.04,1.6,14.57,100,30,27,30,75,240,10.1039/c7nr07933h
